{"IcoMoonType":"selection","icons":[{"icon":{"paths":["M1024 590.444l-512-397.426-512 397.428v-162.038l512-397.426 512 397.428zM896 576v384h-256v-256h-256v256h-256v-384l384-288z"],"attrs":[],"isMulticolor":false,"isMulticolor2":false,"tags":["home","house"],"defaultCode":59648,"grid":16},"attrs":[],"properties":{"ligatures":"home, house","name":"home","id":0,"order":36,"prevSize":32,"code":59648},"setIdx":1,"setId":0,"iconIdx":0},{"icon":{"paths":["M704 128h-128v-64c0-35.2-28.8-64-64-64h-128c-35.204 0-64 28.8-64 64v64h-128v128h512v-128zM512 128h-128v-63.886c0.034-0.038 0.072-0.078 0.114-0.114h127.768c0.042 0.036 0.082 0.076 0.118 0.114v63.886zM832 320v-160c0-17.6-14.4-32-32-32h-64v64h32v128h-192l-192 192v256h-256v-576h32v-64h-64c-17.602 0-32 14.4-32 32v640c0 17.6 14.398 32 32 32h288v192h640v-704h-192zM576 410.51v101.49h-101.49l101.49-101.49zM960 960h-512v-384h192v-192h320v576z"],"attrs":[],"isMulticolor":false,"isMulticolor2":false,"tags":["paste","clipboard-file"],"defaultCode":59693,"grid":16},"attrs":[],"properties":{"ligatures":"paste, clipboard-file","name":"paste","id":45,"order":41,"prevSize":32,"code":59693},"setIdx":1,"setId":0,"iconIdx":45},{"icon":{"paths":["M448 128l128 128h448v704h-1024v-832z"],"attrs":[],"isMulticolor":false,"isMulticolor2":false,"tags":["folder","directory","category","browse"],"defaultCode":59695,"grid":16},"attrs":[],"properties":{"ligatures":"folder, directory","name":"folder","id":47,"order":40,"prevSize":32,"code":59695},"setIdx":1,"setId":0,"iconIdx":47},{"icon":{"paths":["M704 640c-64 64-64 128-128 128s-128-64-192-128-128-128-128-192 64-64 128-128-128-256-192-256-192 192-192 192c0 128 131.5 387.5 256 512s384 256 512 256c0 0 192-128 192-192s-192-256-256-192z"],"attrs":[],"isMulticolor":false,"isMulticolor2":false,"tags":["phone","telephone","contact","support","call"],"defaultCode":59714,"grid":16},"attrs":[],"properties":{"ligatures":"phone, telephone","name":"phone","id":66,"order":37,"prevSize":32,"code":59714},"setIdx":1,"setId":0,"iconIdx":66},{"icon":{"paths":["M192 0v1024h768v-1024h-768zM576 256.33c70.51 0 127.67 57.16 127.67 127.67s-57.16 127.67-127.67 127.67-127.67-57.16-127.67-127.67 57.16-127.67 127.67-127.67v0zM768 768h-384v-64c0-70.696 57.306-128 128-128v0h128c70.696 0 128 57.304 128 128v64z","M64 64h96v192h-96v-192z","M64 320h96v192h-96v-192z","M64 576h96v192h-96v-192z","M64 832h96v192h-96v-192z"],"attrs":[],"isMulticolor":false,"isMulticolor2":false,"tags":["address-book","contact","book","contacts"],"defaultCode":59716,"grid":16},"attrs":[],"properties":{"ligatures":"address-book, contact","name":"address-book","id":68,"order":42,"prevSize":32,"code":59716},"setIdx":1,"setId":0,"iconIdx":68},{"icon":{"paths":["M761.862 1024c113.726-206.032 132.888-520.306-313.862-509.824v253.824l-384-384 384-384v248.372c534.962-13.942 594.57 472.214 313.862 775.628z"],"attrs":[],"isMulticolor":false,"isMulticolor2":false,"tags":["undo","left","arrow-left"],"defaultCode":59751,"grid":16},"attrs":[],"properties":{"ligatures":"undo2, left","name":"undo2","id":103,"order":34,"prevSize":32,"code":59751},"setIdx":1,"setId":0,"iconIdx":103},{"icon":{"paths":["M576 248.372v-248.372l384 384-384 384v-253.824c-446.75-10.482-427.588 303.792-313.86 509.824-280.712-303.414-221.1-789.57 313.86-775.628z"],"attrs":[],"isMulticolor":false,"isMulticolor2":false,"tags":["redo","right","arrow-right"],"defaultCode":59752,"grid":16},"attrs":[],"properties":{"ligatures":"redo2, right","name":"redo2","id":104,"order":51,"prevSize":32,"code":59752},"setIdx":1,"setId":0,"iconIdx":104},{"icon":{"paths":["M512 64c282.77 0 512 186.25 512 416 0 229.752-229.23 416-512 416-27.156 0-53.81-1.734-79.824-5.044-109.978 109.978-241.25 129.7-368.176 132.596v-26.916c68.536-33.578 128-94.74 128-164.636 0-9.754-0.758-19.33-2.164-28.696-115.796-76.264-189.836-192.754-189.836-323.304 0-229.75 229.23-416 512-416z"],"attrs":[],"isMulticolor":false,"isMulticolor2":false,"tags":["bubble","comment","chat","talk"],"defaultCode":59755,"grid":16},"attrs":[],"properties":{"ligatures":"bubble, comment","name":"bubble","id":107,"order":52,"prevSize":32,"code":59755},"setIdx":1,"setId":0,"iconIdx":107},{"icon":{"paths":["M576 706.612v-52.78c70.498-39.728 128-138.772 128-237.832 0-159.058 0-288-192-288s-192 128.942-192 288c0 99.060 57.502 198.104 128 237.832v52.78c-217.102 17.748-384 124.42-384 253.388h896c0-128.968-166.898-235.64-384-253.388z"],"attrs":[],"isMulticolor":false,"isMulticolor2":false,"tags":["user","profile","avatar","person","member"],"defaultCode":59761,"grid":16},"attrs":[],"properties":{"ligatures":"user, profile2","name":"user","id":113,"order":38,"prevSize":32,"code":59761},"setIdx":1,"setId":0,"iconIdx":113},{"icon":{"paths":["M992.262 871.396l-242.552-206.294c-25.074-22.566-51.89-32.926-73.552-31.926 57.256-67.068 91.842-154.078 91.842-249.176 0-212.078-171.922-384-384-384-212.076 0-384 171.922-384 384s171.922 384 384 384c95.098 0 182.108-34.586 249.176-91.844-1 21.662 9.36 48.478 31.926 73.552l206.294 242.552c35.322 39.246 93.022 42.554 128.22 7.356s31.892-92.898-7.354-128.22zM384 640c-141.384 0-256-114.616-256-256s114.616-256 256-256 256 114.616 256 256-114.614 256-256 256z"],"attrs":[],"isMulticolor":false,"isMulticolor2":false,"tags":["search","magnifier","magnifying-glass","inspect","find"],"defaultCode":59782,"grid":16},"attrs":[],"properties":{"ligatures":"search, magnifier","name":"search","id":134,"order":44,"prevSize":32,"code":59782},"setIdx":1,"setId":0,"iconIdx":134},{"icon":{"paths":["M64 192h896v192h-896zM64 448h896v192h-896zM64 704h896v192h-896z"],"attrs":[],"isMulticolor":false,"isMulticolor2":false,"tags":["menu","list","options","lines","hamburger"],"defaultCode":59837,"grid":16},"attrs":[],"properties":{"ligatures":"menu, list3","name":"menu","id":189,"order":50,"prevSize":32,"code":59837},"setIdx":1,"setId":0,"iconIdx":189},{"icon":{"paths":["M1014.662 822.66c-0.004-0.004-0.008-0.008-0.012-0.010l-310.644-310.65 310.644-310.65c0.004-0.004 0.008-0.006 0.012-0.010 3.344-3.346 5.762-7.254 7.312-11.416 4.246-11.376 1.824-24.682-7.324-33.83l-146.746-146.746c-9.148-9.146-22.45-11.566-33.828-7.32-4.16 1.55-8.070 3.968-11.418 7.31 0 0.004-0.004 0.006-0.008 0.010l-310.648 310.652-310.648-310.65c-0.004-0.004-0.006-0.006-0.010-0.010-3.346-3.342-7.254-5.76-11.414-7.31-11.38-4.248-24.682-1.826-33.83 7.32l-146.748 146.748c-9.148 9.148-11.568 22.452-7.322 33.828 1.552 4.16 3.97 8.072 7.312 11.416 0.004 0.002 0.006 0.006 0.010 0.010l310.65 310.648-310.65 310.652c-0.002 0.004-0.006 0.006-0.008 0.010-3.342 3.346-5.76 7.254-7.314 11.414-4.248 11.376-1.826 24.682 7.322 33.83l146.748 146.746c9.15 9.148 22.452 11.568 33.83 7.322 4.16-1.552 8.070-3.97 11.416-7.312 0.002-0.004 0.006-0.006 0.010-0.010l310.648-310.65 310.648 310.65c0.004 0.002 0.008 0.006 0.012 0.008 3.348 3.344 7.254 5.762 11.414 7.314 11.378 4.246 24.684 1.826 33.828-7.322l146.746-146.748c9.148-9.148 11.57-22.454 7.324-33.83-1.552-4.16-3.97-8.068-7.314-11.414z"],"attrs":[],"isMulticolor":false,"isMulticolor2":false,"tags":["cross","cancel","close","quit","remove"],"defaultCode":59919,"grid":16},"attrs":[],"properties":{"ligatures":"cross, cancel","name":"cross","id":271,"order":39,"prevSize":32,"code":59919},"setIdx":1,"setId":0,"iconIdx":271},{"icon":{"paths":["M864 128l-480 480-224-224-160 160 384 384 640-640z"],"attrs":[],"isMulticolor":false,"isMulticolor2":false,"tags":["checkmark","tick","correct","accept","ok"],"defaultCode":59920,"grid":16},"attrs":[],"properties":{"ligatures":"checkmark, tick","name":"checkmark","id":272,"order":43,"prevSize":32,"code":59920},"setIdx":1,"setId":0,"iconIdx":272},{"icon":{"paths":["M0 512c0 282.77 229.23 512 512 512s512-229.23 512-512-229.23-512-512-512-512 229.23-512 512zM928 512c0 229.75-186.25 416-416 416s-416-186.25-416-416 186.25-416 416-416 416 186.25 416 416z","M706.744 669.256l90.512-90.512-285.256-285.254-285.254 285.256 90.508 90.508 194.746-194.744z"],"attrs":[],"isMulticolor":false,"isMulticolor2":false,"tags":["circle-up","up","circle-top","arrow"],"defaultCode":59969,"grid":16},"attrs":[],"properties":{"ligatures":"circle-up, up3","name":"circle-up","id":321,"order":54,"prevSize":32,"code":59969},"setIdx":1,"setId":0,"iconIdx":321},{"icon":{"paths":["M1024 512c0-282.77-229.23-512-512-512s-512 229.23-512 512 229.23 512 512 512 512-229.23 512-512zM96 512c0-229.75 186.25-416 416-416s416 186.25 416 416-186.25 416-416 416-416-186.25-416-416z","M317.256 354.744l-90.512 90.512 285.256 285.254 285.254-285.256-90.508-90.508-194.746 194.744z"],"attrs":[],"isMulticolor":false,"isMulticolor2":false,"tags":["circle-down","down","circle-bottom","arrow"],"defaultCode":59971,"grid":16},"attrs":[],"properties":{"ligatures":"circle-down, down3","name":"circle-down","id":323,"order":55,"prevSize":32,"code":59971},"setIdx":1,"setId":0,"iconIdx":323},{"icon":{"paths":["M512 0c-282.77 0-512 229.23-512 512s229.23 512 512 512 512-229.23 512-512-229.23-512-512-512zM256 256h512c9.138 0 18.004 1.962 26.144 5.662l-282.144 329.168-282.144-329.17c8.14-3.696 17.006-5.66 26.144-5.66zM192 704v-384c0-1.34 0.056-2.672 0.14-4l187.664 218.942-185.598 185.598c-1.444-5.336-2.206-10.886-2.206-16.54zM768 768h-512c-5.654 0-11.202-0.762-16.54-2.208l182.118-182.118 90.422 105.498 90.424-105.494 182.116 182.12c-5.34 1.44-10.886 2.202-16.54 2.202zM832 704c0 5.654-0.762 11.2-2.206 16.54l-185.6-185.598 187.666-218.942c0.084 1.328 0.14 2.66 0.14 4v384z"],"attrs":[],"isMulticolor":false,"isMulticolor2":false,"tags":["mail","contact","support","newsletter","letter","email","envelop","social"],"defaultCode":60038,"grid":16},"attrs":[],"properties":{"ligatures":"mail5, contact5","name":"mail4","id":390,"order":47,"prevSize":32,"code":60038},"setIdx":1,"setId":0,"iconIdx":390},{"icon":{"paths":["M928 0h-832c-52.8 0-96 43.2-96 96v832c0 52.8 43.2 96 96 96h416v-448h-128v-128h128v-64c0-105.8 86.2-192 192-192h128v128h-128c-35.2 0-64 28.8-64 64v64h192l-32 128h-160v448h288c52.8 0 96-43.2 96-96v-832c0-52.8-43.2-96-96-96z"],"attrs":[],"isMulticolor":false,"isMulticolor2":false,"tags":["facebook","brand","social"],"defaultCode":60049,"grid":16},"attrs":[],"properties":{"ligatures":"facebook2, brand11","name":"facebook2","id":401,"order":45,"prevSize":32,"code":60049},"setIdx":1,"setId":0,"iconIdx":401},{"icon":{"paths":["M512 92.2c136.8 0 153 0.6 206.8 3 50 2.2 77 10.6 95 17.6 23.8 9.2 41 20.4 58.8 38.2 18 18 29 35 38.4 58.8 7 18 15.4 45.2 17.6 95 2.4 54 3 70.2 3 206.8s-0.6 153-3 206.8c-2.2 50-10.6 77-17.6 95-9.2 23.8-20.4 41-38.2 58.8-18 18-35 29-58.8 38.4-18 7-45.2 15.4-95 17.6-54 2.4-70.2 3-206.8 3s-153-0.6-206.8-3c-50-2.2-77-10.6-95-17.6-23.8-9.2-41-20.4-58.8-38.2-18-18-29-35-38.4-58.8-7-18-15.4-45.2-17.6-95-2.4-54-3-70.2-3-206.8s0.6-153 3-206.8c2.2-50 10.6-77 17.6-95 9.2-23.8 20.4-41 38.2-58.8 18-18 35-29 58.8-38.4 18-7 45.2-15.4 95-17.6 53.8-2.4 70-3 206.8-3zM512 0c-139 0-156.4 0.6-211 3-54.4 2.4-91.8 11.2-124.2 23.8-33.8 13.2-62.4 30.6-90.8 59.2-28.6 28.4-46 57-59.2 90.6-12.6 32.6-21.4 69.8-23.8 124.2-2.4 54.8-3 72.2-3 211.2s0.6 156.4 3 211c2.4 54.4 11.2 91.8 23.8 124.2 13.2 33.8 30.6 62.4 59.2 90.8 28.4 28.4 57 46 90.6 59 32.6 12.6 69.8 21.4 124.2 23.8 54.6 2.4 72 3 211 3s156.4-0.6 211-3c54.4-2.4 91.8-11.2 124.2-23.8 33.6-13 62.2-30.6 90.6-59s46-57 59-90.6c12.6-32.6 21.4-69.8 23.8-124.2 2.4-54.6 3-72 3-211s-0.6-156.4-3-211c-2.4-54.4-11.2-91.8-23.8-124.2-12.6-34-30-62.6-58.6-91-28.4-28.4-57-46-90.6-59-32.6-12.6-69.8-21.4-124.2-23.8-54.8-2.6-72.2-3.2-211.2-3.2v0z","M512 249c-145.2 0-263 117.8-263 263s117.8 263 263 263 263-117.8 263-263c0-145.2-117.8-263-263-263zM512 682.6c-94.2 0-170.6-76.4-170.6-170.6s76.4-170.6 170.6-170.6c94.2 0 170.6 76.4 170.6 170.6s-76.4 170.6-170.6 170.6z","M846.8 238.6c0 33.91-27.49 61.4-61.4 61.4s-61.4-27.49-61.4-61.4c0-33.91 27.49-61.4 61.4-61.4s61.4 27.49 61.4 61.4z"],"attrs":[],"isMulticolor":false,"isMulticolor2":false,"tags":["instagram","brand","social"],"defaultCode":60050,"grid":16},"attrs":[],"properties":{"ligatures":"instagram, brand12","name":"instagram","id":402,"order":46,"prevSize":32,"code":60050},"setIdx":1,"setId":0,"iconIdx":402},{"icon":{"paths":["M873 148.8c-95.8-96-223.2-148.8-359-148.8-279.6 0-507.2 227.6-507.2 507.4 0 89.4 23.4 176.8 67.8 253.6l-72 263 269-70.6c74.2 40.4 157.6 61.8 242.4 61.8h0.2c0 0 0 0 0 0 279.6 0 507.4-227.6 507.4-507.4 0-135.6-52.8-263-148.6-359zM514.2 929.6v0c-75.8 0-150-20.4-214.8-58.8l-15.4-9.2-159.6 41.8 42.6-155.6-10-16c-42.4-67-64.6-144.6-64.6-224.4 0-232.6 189.2-421.8 422-421.8 112.6 0 218.6 44 298.2 123.6 79.6 79.8 123.4 185.6 123.4 298.4-0.2 232.8-189.4 422-421.8 422zM745.4 613.6c-12.6-6.4-75-37-86.6-41.2s-20-6.4-28.6 6.4c-8.4 12.6-32.8 41.2-40.2 49.8-7.4 8.4-14.8 9.6-27.4 3.2s-53.6-19.8-102-63c-37.6-33.6-63.2-75.2-70.6-87.8s-0.8-19.6 5.6-25.8c5.8-5.6 12.6-14.8 19-22.2s8.4-12.6 12.6-21.2c4.2-8.4 2.2-15.8-1-22.2s-28.6-68.8-39-94.2c-10.2-24.8-20.8-21.4-28.6-21.8-7.4-0.4-15.8-0.4-24.2-0.4s-22.2 3.2-33.8 15.8c-11.6 12.6-44.4 43.4-44.4 105.8s45.4 122.6 51.8 131.2c6.4 8.4 89.4 136.6 216.6 191.4 30.2 13 53.8 20.8 72.2 26.8 30.4 9.6 58 8.2 79.8 5 24.4-3.6 75-30.6 85.6-60.2s10.6-55 7.4-60.2c-3-5.6-11.4-8.8-24.2-15.2z"],"attrs":[],"isMulticolor":false,"isMulticolor2":false,"tags":["whatsapp","brand","social"],"defaultCode":60051,"grid":16},"attrs":[],"properties":{"name":"whatsapp","ligatures":"whatsapp, brand13","id":403,"order":48,"prevSize":32,"code":60051},"setIdx":1,"setId":0,"iconIdx":403},{"icon":{"paths":["M1024 226.4c-37.6 16.8-78.2 28-120.6 33 43.4-26 76.6-67.2 92.4-116.2-40.6 24-85.6 41.6-133.4 51-38.4-40.8-93-66.2-153.4-66.2-116 0-210 94-210 210 0 16.4 1.8 32.4 5.4 47.8-174.6-8.8-329.4-92.4-433-219.6-18 31-28.4 67.2-28.4 105.6 0 72.8 37 137.2 93.4 174.8-34.4-1-66.8-10.6-95.2-26.2 0 0.8 0 1.8 0 2.6 0 101.8 72.4 186.8 168.6 206-17.6 4.8-36.2 7.4-55.4 7.4-13.6 0-26.6-1.4-39.6-3.8 26.8 83.4 104.4 144.2 196.2 146-72 56.4-162.4 90-261 90-17 0-33.6-1-50.2-3 93.2 59.8 203.6 94.4 322.2 94.4 386.4 0 597.8-320.2 597.8-597.8 0-9.2-0.2-18.2-0.6-27.2 41-29.4 76.6-66.4 104.8-108.6z"],"attrs":[],"isMulticolor":false,"isMulticolor2":false,"tags":["twitter","brand","tweet","social"],"defaultCode":60054,"grid":16},"attrs":[],"properties":{"ligatures":"twitter, brand16","name":"twitter","id":406,"order":49,"prevSize":32,"code":60054},"setIdx":1,"setId":0,"iconIdx":406}],"height":1024,"metadata":{"name":"icomoon"},"preferences":{"showGlyphs":true,"showQuickUse":true,"showQuickUse2":true,"showSVGs":true,"fontPref":{"prefix":"icon-","metadata":{"fontFamily":"icomoon"},"metrics":{"emSize":1024,"baseline":6.25,"whitespace":50},"embed":false},"imagePref":{"prefix":"icon-","png":true,"useClassSelector":true,"color":0,"bgColor":16777215,"classSelector":".icon"},"historySize":50,"showCodes":true,"gridSize":16}}